Date,Close,High,Low,Open,Volume,Daily_Return,MA_30,Volatility
01-01-2024,1279.692993,1287.894143,1271.244822,1274.900807,4030540,,,
02-01-2024,1290.290039,1291.920403,1271.170629,1277.099136,7448800,0.008280928,,
03-01-2024,1276.259277,1301.307194,1273.245572,1289.45018,9037536,-0.010874115,,
04-01-2024,1282.854614,1289.376068,1274.18427,1278.581198,9612778,0.005167709,,
05-01-2024,1288.313843,1294.316528,1283.521657,1285.942416,8086406,0.004255532,,
08-01-2024,1278.260254,1300.294466,1269.169804,1289.450263,7734652,-0.00780368,,
09-01-2024,1274.875854,1287.869188,1273.245491,1284.509677,5403074,-0.002647661,,
10-01-2024,1309.261353,1313.65828,1272.183459,1273.146818,11102740,0.026971644,,
11-01-2024,1343.696167,1346.265163,1312.670289,1313.658373,23725852,0.026300948,,
12-01-2024,1354.391968,1356.960963,1329.714584,1343.696002,15012164,0.007959985,,
15-01-2024,1377.513184,1379.810432,1349.723309,1358.616069,8610594,0.017071288,,
16-01-2024,1358.245483,1379.66226,1354.169635,1373.412554,9069024,-0.013987307,,
17-01-2024,1345.351074,1369.756833,1338.879193,1343.300847,12197382,-0.009493431,,
18-01-2024,1351.650024,1354.66373,1335.149063,1335.2973,10279438,0.004682012,,
19-01-2024,1351.156006,1359.604176,1342.806741,1359.604176,10422704,-0.000365493,,
23-01-2024,1312.744263,1355.404857,1306.79115,1355.404857,20055420,-0.028428799,,
24-01-2024,1327.861938,1333.419913,1308.149703,1319.314984,21919128,0.011516086,,
25-01-2024,1336.952271,1347.895378,1319.290262,1326.947916,11808872,0.006845841,,
29-01-2024,1430.795776,1435.192704,1343.967853,1348.24127,23893438,0.070192114,,
30-01-2024,1390.852295,1442.578489,1387.690473,1442.553763,14093978,-0.027916969,,
31-01-2024,1409.625854,1417.159998,1385.788319,1387.270446,15130226,0.013497882,,
01-02-2024,1409.650635,1426.151596,1401.153133,1417.901115,13349362,1.76E-05,,
02-02-2024,1440.330688,1457.325814,1416.098013,1416.098013,19652588,0.021764296,,
05-02-2024,1421.878174,1452.978106,1414.467541,1443.344283,8814432,-0.012811304,,
06-02-2024,1410.786987,1424.669501,1402.906918,1424.669501,9047984,-0.007800378,,
07-02-2024,1424.965942,1432.228339,1412.219629,1418.815141,9296568,0.010050387,,
08-02-2024,1432.845947,1442.084513,1410.515263,1432.722437,14694634,0.00552996,,
09-02-2024,1443.344238,1454.435461,1433.660963,1436.674669,12556798,0.00732688,,
12-02-2024,1435.044434,1443.591388,1425.163589,1443.344367,6674430,-0.005750399,,
13-02-2024,1447.642334,1461.37673,1436.674622,1438.156748,7715594,0.008778753,1361.237797,
14-02-2024,1463.723511,1465.971427,1440.132996,1440.132996,7117888,0.011108529,1367.372148,0.018314205
15-02-2024,1453.077026,1467.03372,1449.05063,1465.675104,10006782,-0.007273562,1372.798381,0.018427634
16-02-2024,1443.171387,1459.400722,1441.170612,1458.881953,9767498,-0.006817009,1378.362118,0.018328348
19-02-2024,1456.436401,1461.870866,1436.205397,1444.628841,6729828,0.009191573,1384.148177,0.018349895
20-02-2024,1453.496948,1457.918602,1444.381893,1457.449286,7117496,-0.00201825,1389.654281,0.018387296
21-02-2024,1450.211548,1470.78848,1440.182587,1456.436528,12720292,-0.002260342,1395.38599,0.018290213
22-02-2024,1464.094116,1467.255938,1440.627111,1450.656192,18493728,0.009572788,1401.693266,0.018264492
23-02-2024,1475.827637,1479.705916,1465.675045,1471.751788,14438584,0.008014185,1407.245475,0.017792133
26-02-2024,1469.602661,1476.716942,1464.835202,1475.753583,7513106,-0.004217956,1411.442358,0.017348901
27-02-2024,1467.947632,1482.077167,1460.438214,1465.35391,10826044,-0.001126175,1415.227547,0.01734103
28-02-2024,1438.280396,1473.505629,1432.895384,1465.329207,8647950,-0.02021001,1417.253121,0.017618866
29-02-2024,1443.393799,1461.352161,1437.193545,1447.543705,23628976,0.00355522,1420.091398,0.017373547
01-03-2024,1474.345459,1482.126624,1445.073458,1446.061543,12132926,0.02144367,1424.391211,0.017574264
04-03-2024,1489.438477,1494.428231,1469.503825,1472.7151,10024420,0.010237097,1428.984159,0.017619591
05-03-2024,1482.324341,1489.438622,1468.343041,1487.832984,7107668,-0.004776388,1433.356437,0.017670325
06-03-2024,1485.09082,1491.019327,1460.882753,1475.654566,7805676,0.001866312,1439.101322,0.016633246
07-03-2024,1461.302856,1485.189726,1457.968071,1485.066215,8315726,-0.016017851,1443.549353,0.016974683
11-03-2024,1449.124634,1471.25775,1446.061596,1471.25775,11277130,-0.008333812,1447.288432,0.017092201
12-03-2024,1457.844482,1470.269596,1447.56838,1449.124565,9432678,0.006017321,1448.190055,0.011457606
13-03-2024,1415.109863,1465.42799,1410.762268,1462.142658,13522134,-0.029313565,1448.998641,0.011580021
14-03-2024,1414.418091,1431.264978,1408.514311,1422.545061,18571102,-0.000488847,1449.158382,0.011323276
15-03-2024,1401.32605,1416.147317,1396.064548,1408.958978,19223818,-0.009256132,1448.880896,0.011453565
18-03-2024,1422.322876,1424.546066,1399.646386,1403.079955,9169392,0.014983541,1448.280636,0.011066905
19-03-2024,1408.267334,1420.470153,1400.362659,1411.725629,8275764,-0.009882104,1447.826941,0.01096572
20-03-2024,1426.546875,1427.781981,1407.056934,1410.935093,8488806,0.012980164,1448.352271,0.011128259
21-03-2024,1433.685791,1440.528324,1427.460931,1435.21737,13006936,0.005004333,1448.642932,0.011015404
22-03-2024,1437.6875,1442.603196,1430.103904,1432.697626,19527608,0.002791204,1448.804317,0.010981539
26-03-2024,1424.397827,1435.093914,1421.853558,1427.782065,11415906,-0.009243784,1448.17277,0.011025846
27-03-2024,1475.061768,1482.126595,1429.758122,1430.746207,16326644,0.035568673,1449.506681,0.01277414
28-03-2024,1468.145264,1488.005737,1461.031104,1475.086581,21854364,-0.004688959,1450.190112,0.01272776
01-04-2024,1467.083008,1476.173336,1464.835092,1474.691209,5013880,-0.000723536,1450.302096,0.012571563
02-04-2024,1469.232056,1476.198099,1457.424495,1466.317255,8910166,0.001464844,1450.840597,0.012494565
03-04-2024,1454.065063,1466.761925,1451.397284,1464.415224,7008292,-0.010323075,1451.203719,0.012580921
04-04-2024,1445.493408,1462.11788,1432.722369,1462.11788,14490272,-0.00589496,1450.838953,0.012515719
05-04-2024,1442.702026,1453.274602,1438.650904,1443.467816,7442298,-0.001931093,1450.479122,0.012515286
08-04-2024,1468.268677,1473.209099,1443.591293,1445.542736,8357118,0.017721366,1451.081026,0.012925357
09-04-2024,1446.209839,1472.048272,1445.073518,1471.257756,7071414,-0.015023707,1450.484884,0.01310836
10-04-2024,1461.945068,1469.281644,1448.877675,1448.877675,9138330,0.010880323,1450.022131,0.013181489
12-04-2024,1449.668213,1468.762898,1445.641696,1458.289226,15551012,-0.008397617,1449.35765,0.013247005
15-04-2024,1447.370728,1464.464636,1429.091166,1443.591353,12902062,-0.001584835,1448.671753,0.013248172
16-04-2024,1448.284668,1453.645074,1433.636365,1436.032398,9366184,0.000631449,1449.005229,0.012708221
18-04-2024,1446.876709,1468.293488,1441.961013,1446.061588,19005692,-0.000972156,1449.121326,0.012695215
19-04-2024,1452.607666,1456.436493,1425.830601,1439.416763,15741778,0.003960916,1448.396733,0.012070308
22-04-2024,1462.216675,1465.156202,1450.31033,1454.904826,10350362,0.006615006,1447.489339,0.011977742
23-04-2024,1441.936401,1475.704238,1438.206479,1461.377013,14605554,-0.013869541,1446.143075,0.012201463
24-04-2024,1432.895386,1451.051437,1432.228381,1446.061563,10462776,-0.006270052,1444.403227,0.012229429
25-04-2024,1442.578491,1450.483166,1424.323656,1425.311741,15943926,0.00675772,1443.779081,0.011977026
26-04-2024,1435.242065,1447.543668,1432.722402,1446.506131,9413848,-0.005085634,1443.316329,0.011916994
29-04-2024,1447.568359,1450.409102,1432.722367,1432.722367,7247974,0.008588303,1442.973792,0.011972751
30-04-2024,1449.519897,1465.403307,1445.444049,1450.507982,11474262,0.001348149,1444.120793,0.010632538
02-05-2024,1449.075195,1459.721708,1446.679042,1454.460207,14512646,-0.000306793,1445.276029,0.010631796
03-05-2024,1416.913086,1457.375095,1399.275803,1453.47221,17226958,-0.022194921,1445.795597,0.01129795
06-05-2024,1402.610596,1422.841601,1401.103743,1418.395221,7394208,-0.01009412,1445.138521,0.011110201
07-05-2024,1384.775635,1403.820987,1375.413559,1399.102859,14517472,-0.012715547,1444.355465,0.011205175
08-05-2024,1401.647217,1415.875536,1380.847991,1380.847991,9439002,0.012183621,1443.525476,0.011173028
09-05-2024,1377.513184,1406.785184,1373.437335,1396.163277,11009612,-0.017218336,1441.653056,0.011524804
10-05-2024,1390.654785,1393.199054,1371.535255,1380.106936,10505096,0.009540091,1440.085299,0.011671695
13-05-2024,1385.986084,1390.210169,1367.508952,1383.21952,8456620,-0.003357196,1438.804907,0.011578173
14-05-2024,1403.153931,1410.070522,1383.34291,1384.281542,7188300,0.012386738,1436.407979,0.009682395
15-05-2024,1399.399414,1412.936124,1396.188139,1403.574047,5046534,-0.00267577,1434.116451,0.009667349
16-05-2024,1408.366089,1410.490494,1381.366731,1401.647187,14711774,0.006407516,1432.15922,0.009775487
17-05-2024,1418.592896,1420.075022,1396.410446,1406.093723,10916476,0.007261469,1430.471248,0.009888943
21-05-2024,1419.012817,1424.644851,1408.613204,1408.613204,11176128,0.000296013,1429.30284,0.009737091
22-05-2024,1443.245483,1451.273669,1419.160926,1419.160926,10281604,0.01707713,1429.227909,0.010211639
23-05-2024,1468.342896,1474.444244,1437.662826,1441.170574,14608260,0.017389566,1430.082605,0.010684065
24-05-2024,1462.611938,1470.763635,1458.511364,1465.946723,7094776,-0.00390301,1429.894047,0.010211084
27-05-2024,1448.778809,1467.206608,1444.13486,1462.587265,6629010,-0.009457826,1429.979679,0.009978074
28-05-2024,1438.848511,1460.882842,1435.439668,1450.507955,7820162,-0.006854254,1429.209794,0.009842239
29-05-2024,1423.607422,1440.627153,1421.310053,1429.264181,7383556,-0.01059256,1428.341101,0.009911015
30-05-2024,1407.87207,1423.236831,1403.178669,1418.395194,13206858,-0.011053154,1427.024479,0.010093944
31-05-2024,1413.355957,1425.064733,1405.303045,1414.245257,31069832,0.00389516,1425.860189,0.010128242
03-06-2024,1492.328613,1496.453914,1441.615227,1465.329254,21527942,0.055875985,1427.375252,0.014473702
04-06-2024,1380.625732,1480.199968,1343.103249,1480.199968,36709098,-0.074851397,1424.975854,0.020028814
05-06-2024,1403.820923,1414.097025,1367.607605,1405.056028,17464890,0.016800491,1423.029329,0.020256086
06-06-2024,1414.541626,1426.497423,1404.413761,1417.901137,17855722,0.007636802,1422.11617,0.020171028
07-06-2024,1452.43457,1454.460192,1409.502353,1411.478521,18558696,0.026788144,1422.767476,0.020736578
10-06-2024,1453.867432,1475.555836,1450.581979,1452.434637,9251760,0.000986524,1423.143774,0.020704827
11-06-2024,1439.317993,1456.115429,1437.341824,1451.496086,11774902,-0.010007404,1423.279639,0.020769764
12-06-2024,1445.88855,1458.412568,1437.835758,1440.133006,10081742,0.004565049,1423.223645,0.020727387
13-06-2024,1447.790771,1454.707363,1442.702112,1454.460342,9181160,0.001315607,1423.166007,0.020727325
14-06-2024,1459.944214,1462.043893,1439.861325,1452.484128,8157998,0.008394474,1423.528308,0.020781221
18-06-2024,1463.377808,1469.676846,1453.818042,1469.627394,7196766,0.002351866,1425.077132,0.020336923
19-06-2024,1441.269409,1469.775621,1438.650961,1469.775621,8725874,-0.015107786,1426.365759,0.020453871
20-06-2024,1456.140015,1465.181012,1432.821246,1441.615221,16113776,0.010317714,1428.744572,0.020348962
21-06-2024,1436.872314,1457.128045,1423.409664,1456.065903,31170360,-0.013232038,1429.918742,0.020434074
24-06-2024,1424.29895,1432.228352,1420.371339,1428.30074,8878386,-0.008750509,1431.478267,0.020230749
25-06-2024,1436.822998,1438.576872,1423.829664,1425.805833,7045386,0.008793131,1433.017208,0.020220734
26-06-2024,1495.984497,1500.875467,1427.905458,1428.819485,22014882,0.041175217,1436.683822,0.021464168
27-06-2024,1512.312744,1519.179883,1488.055222,1495.712877,28383030,0.010914717,1440.322449,0.021443108
28-06-2024,1546.747437,1562.16153,1512.782033,1512.782033,28957336,0.022769558,1445.234049,0.021723515
01-07-2024,1541.559937,1560.580562,1537.138283,1543.906637,7724306,-0.003353812,1449.673844,0.021752685
02-07-2024,1546.525024,1554.750779,1538.447386,1550.798441,7749246,0.003220821,1453.938249,0.021739484
03-07-2024,1533.927002,1556.232959,1524.391963,1547.661279,9049620,-0.008146019,1457.768722,0.021831652
04-07-2024,1535.507935,1548.822348,1532.321386,1538.447462,6837176,0.001030644,1460.844137,0.021666553
05-07-2024,1569.695557,1579.45289,1529.554628,1535.310172,12269710,0.022264699,1464.222559,0.021801516
08-07-2024,1581.824341,1589.630232,1563.66829,1570.066112,9500806,0.007726839,1468.196305,0.021787872
09-07-2024,1571.32605,1581.429189,1561.6675,1578.56372,6960002,-0.006636825,1472.281213,0.021738967
10-07-2024,1565.348022,1578.464867,1544.524191,1575.994656,7134578,-0.003804447,1476.497864,0.021698673
11-07-2024,1561.815674,1585.134442,1551.786593,1568.584028,11940946,-0.00225659,1481.104806,0.021571039
12-07-2024,1577.699097,1586.023756,1555.738944,1565.619789,12924784,0.010169845,1486.765706,0.021430938
15-07-2024,1578.193237,1586.715466,1566.607971,1585.332124,5329688,0.000313203,1492.260282,0.02144168
16-07-2024,1557.46814,1580.935146,1550.428038,1574.512597,9386838,-0.013132167,1494.4316,0.019265562
18-07-2024,1567.768921,1574.907807,1539.262588,1557.221071,12298374,0.006613799,1500.669706,0.012759588
19-07-2024,1536.619507,1571.029498,1534.297533,1567.101887,13140390,-0.019868626,1505.096326,0.01326937
22-07-2024,1482.793701,1519.179863,1481.410359,1518.932842,19674376,-0.035028714,1507.371395,0.014946913
23-07-2024,1470.170776,1487.808058,1445.567451,1483.114658,18052044,-0.008512934,1507.962602,0.014276583
24-07-2024,1477.877808,1491.513421,1458.807851,1467.305353,11913362,0.005242269,1508.762948,0.014302674
25-07-2024,1474.61731,1482.596044,1459.474842,1463.353122,12519876,-0.002206203,1509.939591,0.014172654
26-07-2024,1491.044189,1494.403701,1472.591664,1474.617285,9859940,0.011139758,1511.444779,0.01428162
29-07-2024,1501.987061,1509.298909,1493.761306,1493.934149,7538550,0.007339066,1513.251322,0.014326678
30-07-2024,1495.119995,1506.828772,1492.007505,1498.948822,8228208,-0.004571987,1514.423848,0.014301607
31-07-2024,1487.486938,1492.451966,1483.262854,1486.07887,10057346,-0.005105314,1515.227486,0.014340121
01-08-2024,1497.244507,1499.912287,1486.375577,1493.98378,10764222,0.006559767,1517.093323,0.014062379
02-08-2024,1481.459717,1491.340562,1475.481878,1487.067144,10268248,-0.01054256,1517.937313,0.014120109
05-08-2024,1430.079346,1466.218609,1416.172105,1462.365055,17046704,-0.03468226,1517.710881,0.015338885
06-08-2024,1438.700317,1459.894679,1434.031522,1437.811017,10236186,0.006028317,1518.190926,0.015286861
07-08-2024,1447.370728,1454.954324,1444.085395,1451.496028,8174568,0.006026557,1518.542517,0.015243067
08-08-2024,1431.857788,1447.543628,1428.695966,1440.157721,12387192,-0.010718014,1516.40496,0.013267625
09-08-2024,1456.73291,1458.906648,1438.650917,1442.603255,6249776,0.017372621,1514.552299,0.01352379
12-08-2024,1443.220825,1455.44837,1440.380082,1452.484117,8184584,-0.009275609,1511.101412,0.012815687
13-08-2024,1446.185181,1452.558277,1440.627205,1443.344438,6265064,0.002053986,1507.922253,0.012837297
14-08-2024,1444.431152,1454.460233,1436.37824,1446.110968,6267466,-0.001212866,1504.519124,0.012800037
16-08-2024,1460.586426,1462.760284,1440.67662,1451.150291,9416902,0.011184523,1502.074438,0.012975427
19-08-2024,1475.65625,1485.47151,1467.823866,1469.806742,13797742,0.010317653,1500.079382,0.013148737
20-08-2024,1483.141602,1491.048416,1477.267404,1484.405709,8411808,0.005072558,1497.19425,0.012444791
21-08-2024,1485.843384,1494.964565,1477.242611,1480.464784,7769996,0.001821662,1493.994885,0.01233491
22-08-2024,1485.297974,1493.601266,1477.886999,1490.131234,10445782,-0.000367071,1491.127283,0.012306897
23-08-2024,1487.132202,1498.384999,1485.595546,1490.874905,9249654,0.001234923,1488.520089,0.012312998
26-08-2024,1499.64917,1509.96015,1490.131389,1494.072331,8816114,0.008416849,1486.447872,0.012447824
27-08-2024,1487.603149,1500.516654,1486.611711,1497.56715,6251156,-0.008032559,1483.444674,0.012313514
28-08-2024,1485.47168,1494.568051,1480.21701,1492.114266,9610286,-0.001432821,1480.353955,0.012306895
29-08-2024,1507.902832,1523.840149,1481.208316,1490.230378,38335358,0.015100357,1478.701778,0.012499646
30-08-2024,1496.699585,1526.541844,1490.453477,1520.865886,41620730,-0.007429688,1476.3328,0.012467557
02-09-2024,1503.267944,1513.727664,1493.725353,1497.938965,11240852,0.004388562,1475.221082,0.012011375
03-09-2024,1496.203857,1509.96006,1494.592771,1508.225043,10923800,-0.004699154,1475.668087,0.010151275
04-09-2024,1501.582397,1504.507091,1486.661208,1487.850885,11983304,0.003594791,1476.715141,0.010026663
05-09-2024,1480.192139,1512.711354,1474.317941,1506.043957,16264168,-0.014245145,1476.792285,0.010351835
06-09-2024,1452.283081,1484.182646,1449.110528,1479.721175,19394228,-0.018855024,1476.047811,0.010911136
09-09-2024,1449.928467,1457.339563,1443.137141,1453.943839,9010298,-0.001621319,1474.677287,0.010690215
10-09-2024,1449.011475,1459.446384,1445.095222,1447.995226,10768260,-0.00063244,1472.911434,0.010577455
11-09-2024,1439.072266,1456.174571,1435.156134,1450.523423,9760202,-0.006859303,1471.043176,0.010611224
12-09-2024,1467.129883,1473.27675,1433.495303,1444.52505,22349376,0.019497018,1470.364608,0.011232904
13-09-2024,1460.016357,1470.451266,1456.918114,1463.75906,8711328,-0.0048486,1469.123669,0.011182233
16-09-2024,1458.752319,1468.220601,1452.208853,1464.899308,5481774,-0.00086577,1468.366756,0.011029381
17-09-2024,1459.694214,1464.824833,1454.067755,1461.37961,5935328,0.000645685,1469.353918,0.008936394
18-09-2024,1450.9198,1469.311022,1448.044727,1457.413767,8574714,-0.006011132,1469.761235,0.008960184
19-09-2024,1457.091675,1463.858191,1443.087613,1453.695951,16955902,0.004253767,1470.085266,0.00892704
20-09-2024,1473.202515,1482.199766,1458.777044,1461.379568,30897320,0.011056847,1471.463424,0.008888678
23-09-2024,1480.588745,1488.644179,1476.201583,1478.23408,8832314,0.005013724,1472.258618,0.008374623
24-09-2024,1476.622925,1487.652672,1475.135768,1475.755417,17137444,-0.002678543,1473.372021,0.008191646
25-09-2024,1481.158691,1483.686907,1467.526419,1471.194813,7069002,0.003071716,1474.537805,0.008199142
26-09-2024,1485.124512,1491.12276,1475.309372,1477.887087,18818998,0.002677512,1475.89425,0.008196494
27-09-2024,1513.10791,1520.345335,1479.225469,1486.165535,20597478,0.018842459,1477.644967,0.008633525
30-09-2024,1463.932495,1511.918118,1461.77619,1506.390899,27008814,-0.032499609,1477.254175,0.010429132
01-10-2024,1452.283081,1475.210084,1450.300205,1467.97266,16431642,-0.007957617,1476.225557,0.010472657
03-10-2024,1394.928467,1436.990273,1390.070396,1424.275008,37757294,-0.039492724,1473.19506,0.012630822
04-10-2024,1374.653564,1405.214592,1369.944234,1391.904609,37072876,-0.014534725,1469.506913,0.012830004
07-10-2024,1358.98877,1384.543107,1349.718849,1381.568793,22181340,-0.011395449,1465.235465,0.012910308
08-10-2024,1385.385742,1389.004515,1353.41187,1361.219443,17020808,0.019423981,1461.426685,0.013390998
09-10-2024,1362.830688,1388.979866,1360.748693,1385.559454,14310610,-0.016280703,1457.267603,0.013590613
10-10-2024,1359.311035,1374.132984,1357.699949,1368.209166,22358646,-0.002582605,1453.062248,0.013588171
11-10-2024,1360.352051,1371.431419,1357.105067,1358.270055,7980122,0.000765841,1448.143888,0.0131806
14-10-2024,1360.773438,1368.258722,1356.535016,1367.639073,12221432,0.000309763,1443.613017,0.013173572
15-10-2024,1332.517456,1359.95543,1329.220852,1346.893307,33762794,-0.020764648,1437.921334,0.013478497
16-10-2024,1342.481445,1352.321516,1326.172338,1328.527003,20034438,0.007477568,1432.797253,0.013636715
17-10-2024,1344.811279,1356.733224,1340.473738,1354.00677,15543660,0.001735468,1427.571549,0.013607474
18-10-2024,1347.661621,1356.708492,1329.840428,1340.597626,12082452,0.002119511,1423.153866,0.013492654
21-10-2024,1357.476929,1362.23588,1346.100201,1355.419743,14067408,0.007283214,1419.99366,0.013277947
22-10-2024,1331.848145,1364.218618,1328.749901,1357.476791,15831960,-0.01887972,1416.05765,0.013623109
23-10-2024,1327.064453,1345.852153,1323.56961,1326.048205,17214742,-0.003591769,1411.992749,0.013618058
24-10-2024,1328.328735,1332.195247,1311.796458,1323.842454,22155934,0.000952691,1408.301298,0.013613154
25-10-2024,1316.480835,1332.839561,1310.680947,1331.996863,18597496,-0.008919404,1403.279663,0.012999163
28-10-2024,1322.925171,1341.415512,1310.780056,1325.552506,10824350,0.004895123,1398.709957,0.013086319
29-10-2024,1328.526855,1331.699409,1308.995576,1316.72872,12008361,0.004234317,1394.369108,0.013150627
30-10-2024,1332.393555,1338.441302,1314.002331,1323.569732,11984423,0.002910516,1390.125753,0.013178912
31-10-2024,1320.64502,1331.501217,1314.795511,1328.526903,9331650,-0.008817616,1385.78326,0.013211296
01-11-2024,1327.188477,1330.460149,1321.586828,1321.636448,2127335,0.004954743,1381.453153,0.013225263
04-11-2024,1291.000977,1328.52688,1274.096911,1326.395264,19796890,-0.027266286,1375.379769,0.013662067
05-11-2024,1294.124023,1298.337635,1275.137962,1281.929288,16267479,0.002419089,1369.164278,0.013609185
06-11-2024,1314.002319,1316.927134,1289.06763,1298.78377,21625209,0.015360426,1363.743591,0.014077686
07-11-2024,1294.471069,1312.663933,1291.447135,1312.663933,9611974,-0.014863939,1357.520671,0.014157078
08-11-2024,1272.758423,1290.505186,1264.083341,1286.539434,19814406,-0.016773373,1350.441801,0.014267553
11-11-2024,1261.802979,1274.989151,1256.151831,1267.999465,9056552,-0.008607638,1342.06497,0.013545648
12-11-2024,1263.339844,1278.261034,1256.647637,1264.628762,10671091,0.001217991,1335.378548,0.012634651
13-11-2024,1241.329956,1264.529508,1238.801741,1259.374079,14633633,-0.017421985,1328.346777,0.012832253
14-11-2024,1256.746826,1261.704016,1240.388099,1242.866694,12612633,0.012419639,1323.740723,0.011467348
18-11-2024,1249.955444,1262.00144,1233.249738,1256.74677,13620611,-0.005403938,1319.584119,0.011281493
19-11-2024,1231.018921,1270.527698,1224.574574,1249.955361,14183746,-0.015149759,1315.318457,0.011396885
21-11-2024,1212.528687,1233.299264,1206.827918,1231.01903,19433843,-0.015020268,1309.556555,0.01075298
22-11-2024,1254.565552,1257.985964,1211.983221,1218.873787,20471957,0.034668759,1305.947717,0.012661972
25-11-2024,1275.980591,1293.281134,1271.4695,1278.954905,28923341,0.017069685,1303.170036,0.013165428
26-11-2024,1284.606201,1286.737817,1273.204664,1283.862623,9247557,0.006759986,1300.645174,0.013254395
27-11-2024,1282.127563,1292.686402,1274.989258,1282.425043,9572746,-0.001929492,1298.023645,0.013248273
28-11-2024,1259.919434,1285.498461,1258.184417,1278.905374,15027412,-0.017321311,1295.603711,0.013093189
29-11-2024,1281.136108,1288.373654,1264.331283,1269.040613,13202307,0.016839708,1293.558866,0.013428791
02-12-2024,1297.941162,1300.122277,1266.116025,1276.972223,11024152,0.013117305,1291.996529,0.013680916
03-12-2024,1311.969849,1315.439881,1295.809362,1305.723741,16869482,0.010808415,1290.806803,0.013842259
04-12-2024,1297.742676,1317.026217,1292.884727,1314.646741,19608540,-0.010844131,1288.815662,0.013872775
05-12-2024,1310.730591,1318.562854,1294.966703,1303.096446,16858723,0.010008082,1288.111743,0.01361832
06-12-2024,1300.320435,1312.564669,1298.783657,1312.564669,9037514,-0.007942255,1287.220276,0.013676046
09-12-2024,1284.060913,1303.740933,1282.028417,1291.843677,14650002,-0.012504242,1285.744682,0.013843429
10-12-2024,1273.848999,1283.812999,1269.238788,1278.21135,16043729,-0.007952827,1284.323621,0.013825563
11-12-2024,1267.255981,1278.954998,1265.124487,1273.997808,11724373,-0.005175666,1282.467981,0.013799615
12-12-2024,1252.087036,1267.255964,1249.80668,1259.126222,20906813,-0.011969914,1279.919987,0.013890725
13-12-2024,1261.951904,1264.28176,1228.986589,1249.211949,28630222,0.00787874,1277.571932,0.013979146
16-12-2024,1257.440918,1270.032133,1255.705901,1264.083504,9486781,-0.00357461,1275.465129,0.013919933
17-12-2024,1234.637695,1253.078416,1232.159101,1250.252843,17462791,-0.018134628,1272.380103,0.014184258
18-12-2024,1242.519653,1249.162239,1230.027559,1230.027559,12670179,0.006384025,1270.764058,0.013454394
19-12-2024,1219.914795,1234.241146,1218.477258,1228.391638,14244653,-0.018192757,1268.290417,0.013786041
20-12-2024,1194.980225,1228.887355,1191.212712,1213.520066,20312896,-0.0204396,1264.323014,0.013792122
23-12-2024,1211.834717,1216.692666,1202.812534,1204.597171,10052824,0.014104411,1261.568469,0.013950962
24-12-2024,1212.280762,1222.98834,1210.545745,1211.834663,6734917,0.000368074,1259.552547,0.013677736
26-12-2024,1206.133911,1217.188348,1203.853555,1213.767935,10016178,-0.005070484,1257.696912,0.013629794
27-12-2024,1210.595459,1217.386785,1206.580087,1207.869004,7000397,0.003699049,1255.938765,0.013653818
30-12-2024,1200.333984,1212.72696,1197.75627,1205.985254,8818766,-0.008476386,1254.572233,0.013385324
31-12-2024,1205.043213,1208.661986,1195.822913,1197.657049,6405475,0.003923265,1252.848779,0.01317918
01-01-2025,1210.793579,1215.800389,1201.226179,1204.448352,5892590,0.004771917,1251.543384,0.013201264
02-01-2025,1231.167725,1233.794938,1209.554328,1210.793626,15486276,0.016827101,1251.548344,0.013307937
03-01-2025,1240.437744,1251.244443,1224.921714,1233.249818,15521102,0.007529453,1252.478646,0.013059598
06-01-2025,1207.571411,1251.194681,1204.597097,1243.213557,14816766,-0.026495754,1250.912174,0.012351625
07-01-2025,1230.225708,1233.844481,1210.793549,1211.537128,10070505,0.018760213,1249.387012,0.012441369
08-01-2025,1254.664795,1260.167324,1234.687295,1238.306068,19346579,0.019865531,1248.388965,0.012948144
09-01-2025,1244.006714,1258.878282,1237.364128,1256.151828,12794704,-0.008494764,1247.11827,0.013024814
10-01-2025,1231.266846,1245.989675,1225.417337,1243.114481,8120332,-0.010240996,1246.163184,0.012779272
13-01-2025,1229.234375,1234.588164,1215.899582,1219.468735,13764861,-0.001650715,1244.433126,0.012343243
14-01-2025,1228.143799,1242.618769,1216.742262,1233.447968,13095266,-0.0008872,1242.106547,0.012040136
15-01-2025,1241.478516,1246.237466,1231.217157,1234.290591,9578856,0.010857618,1239.756836,0.012041912
16-01-2025,1255.606567,1264.08341,1240.586379,1248.121283,14117603,0.011380021,1238.352299,0.012147507
17-01-2025,1291.199219,1314.646751,1273.997794,1310.928859,29366277,0.028346978,1237.701253,0.013142699
20-01-2025,1294.272705,1304.732425,1289.117276,1304.732425,14040244,0.002380335,1237.499662,0.013073832
21-01-2025,1262.794556,1301.758118,1259.324523,1299.279523,14562976,-0.02432111,1236.790784,0.013627574
22-01-2025,1266.165405,1271.915794,1257.837302,1267.355203,10273590,0.002669357,1236.534664,0.013564208
23-01-2025,1252.830566,1266.413218,1250.79807,1259.126173,8720682,-0.010531672,1236.053817,0.013667997
24-01-2025,1235.629272,1262.10062,1232.853198,1255.160553,14235970,-0.013729944,1235.505225,0.013723519
27-01-2025,1218.824219,1229.829156,1209.554298,1228.490739,9536019,-0.013600401,1234.067635,0.013839231
28-01-2025,1223.831177,1234.092537,1208.067287,1227.40033,10568025,0.004108023,1232.94731,0.013862268
29-01-2025,1224.921631,1232.109556,1217.535466,1225.41735,5928156,0.000891017,1232.623442,0.013472047
30-01-2025,1242.321411,1246.237543,1221.848193,1224.971246,9269259,0.014204811,1232.616833,0.013677457
31-01-2025,1254.268188,1256.151945,1238.306061,1245.097387,6584612,0.009616495,1233.761947,0.013334033
01-02-2025,1253.772461,1259.67159,1230.374549,1254.26818,7118453,-0.000395232,1235.721688,0.012709632
03-02-2025,1235.232666,1245.246166,1226.954183,1240.288976,9252345,-0.014787209,1236.501619,0.012829792
04-02-2025,1274.196045,1277.765318,1235.926563,1237.364221,16691069,0.031543352,1238.565462,0.014008906
05-02-2025,1267.255981,1279.450717,1265.768824,1271.667953,10112028,-0.005446621,1240.602865,0.014015393
06-02-2025,1270.577393,1276.972119,1259.473215,1262.794508,9956001,0.002620947,1242.602262,0.014011589
07-02-2025,1255.854492,1272.708939,1251.194782,1265.223654,8764283,-0.011587567,1244.452946,0.014100797
10-02-2025,1242.91626,1255.656214,1234.885636,1253.673338,6970972,-0.010302334,1245.715381,0.014258433
11-02-2025,1224.277222,1253.723004,1219.567891,1253.723004,8859714,-0.014996214,1246.164836,0.014538358
12-02-2025,1206.133911,1216.39527,1183.132478,1209.008984,21131654,-0.01481961,1245.330375,0.014458569
13-02-2025,1205.687744,1217.485881,1201.622872,1206.629683,8511216,-0.000369915,1244.172042,0.014377422
14-02-2025,1206.827881,1213.520087,1195.128864,1208.562897,10298145,0.000945632,1244.147257,0.013537758
17-02-2025,1214.412354,1216.990068,1194.186995,1200.730462,8166683,0.006284635,1243.620146,0.013129208
18-02-2025,1214.908203,1219.369674,1205.687781,1214.362864,6673250,0.000408304,1242.294926,0.012564679
19-02-2025,1216.940552,1222.195222,1207.125412,1209.058668,6217338,0.001672841,1241.392721,0.012492377
20-02-2025,1222.442993,1228.7386,1211.537176,1213.470431,7795582,0.004521537,1241.098592,0.012392226
21-02-2025,1217.634521,1229.383037,1211.685894,1218.17974,6904025,-0.003933494,1240.71193,0.012408656
24-02-2025,1204.151001,1212.776463,1200.135629,1206.133877,7172498,-0.011073537,1239.91217,0.012565302
25-02-2025,1193.691284,1210.545729,1191.212689,1200.63135,11552182,-0.008686383,1238.319263,0.012457962
27-02-2025,1196.764771,1204.597155,1190.370044,1202.41604,11509215,0.002574775,1236.357869,0.012252588
28-02-2025,1189.824707,1206.927012,1183.083001,1191.708463,23007298,-0.005799021,1232.978719,0.010892298
03-03-2025,1161.22168,1196.120247,1146.102251,1193.691272,17944938,-0.024039699,1228.543685,0.011520295
04-03-2025,1151.951782,1163.948157,1149.621927,1152.249141,11377373,-0.007982884,1224.848926,0.010872232
05-03-2025,1165.534546,1172.871212,1147.093822,1151.059575,8664095,0.011791087,1221.494564,0.011160013
06-03-2025,1199.243408,1203.556139,1175.002797,1186.751313,14468014,0.028921376,1219.708325,0.012454406
07-03-2025,1239.099243,1244.056433,1201.622839,1205.588591,16474965,0.03323415,1219.823991,0.013734545
10-03-2025,1227.796753,1247.228912,1224.822439,1234.340219,11931051,-0.009121538,1220.123075,0.013603256
11-03-2025,1236.620605,1238.801721,1219.220821,1229.38306,10089838,0.007186737,1220.54939,0.013644267
12-03-2025,1246.287109,1252.186117,1233.348796,1247.228927,11977555,0.007816871,1221.261572,0.013710664
13-03-2025,1237.215576,1253.326445,1233.200204,1249.261573,9505270,-0.007278847,1221.091378,0.013539158
17-03-2025,1228.242798,1246.634019,1222.54203,1231.514591,16640917,-0.007252397,1220.223865,0.013474016
18-03-2025,1228.242798,1228.242798,1228.242798,1228.242798,0,0,1219.372876,0.013474429
19-03-2025,1236.471924,1242.519671,1228.193441,1230.424176,16162399,0.006699918,1219.414185,0.013263645
20-03-2025,1258.283569,1262.100581,1239.347128,1241.131643,15971477,0.017640227,1218.883769,0.012338375
21-03-2025,1265.421753,1270.031963,1259.225266,1264.083336,21780769,0.005672953,1218.822628,0.012346873
24-03-2025,1290.951294,1294.817926,1273.254151,1279.946357,20299319,0.020174729,1219.501758,0.012878632
25-03-2025,1274.44397,1296.503466,1271.618396,1296.503466,13713899,-0.012786946,1220.121407,0.0129196
26-03-2025,1262.150146,1282.722484,1257.886915,1279.946409,12074747,-0.009646421,1220.762537,0.012901108
27-03-2025,1267.255981,1273.997808,1260.415156,1267.206482,15028056,0.004045347,1222.195162,0.012571955
28-03-2025,1264.182495,1284.655713,1258.134748,1269.040565,18147129,-0.002425308,1224.130115,0.012225327
01-04-2025,1241.875122,1266.95855,1238.60345,1253.772377,12099648,-0.017645691,1225.336361,0.012720122
02-04-2025,1240.437744,1244.800096,1233.249818,1236.868591,10142590,-0.001157425,1226.456689,0.01272659
03-04-2025,1238.008667,1241.082222,1222.492758,1222.492758,7434366,-0.001958242,1227.243233,0.012697373
04-04-2025,1194.385254,1234.786351,1182.934218,1230.47362,17908652,-0.035236759,1226.559135,0.014294742
07-04-2025,1155.719116,1161.221645,1105.304523,1122.505946,22156106,-0.032373254,1224.51842,0.015425573
08-04-2025,1172.078003,1186.354735,1153.339921,1161.965383,19555040,0.014154725,1222.839587,0.015656024
09-04-2025,1175.20105,1179.613022,1157.999624,1159.486781,10223104,0.002664538,1221.425138,0.015663846
11-04-2025,1208.513306,1212.181699,1184.917154,1184.917154,11224242,0.028346006,1221.570549,0.016429788
15-04-2025,1229.4823,1240.288999,1226.507986,1240.288999,13378535,0.017351066,1222.763582,0.016627909
16-04-2025,1228.689209,1230.275486,1218.477349,1223.533659,8248464,-0.000645061,1223.82773,0.01662858
17-04-2025,1263.587769,1269.238917,1217.089301,1229.581396,15398401,0.028403081,1226.286499,0.017304266
21-04-2025,1284.407837,1289.761626,1256.151856,1259.12617,10429964,0.016476947,1230.392704,0.016762222
22-04-2025,1280.144775,1292.736111,1275.286826,1288.869479,13051707,-0.003319087,1234.665804,0.016673423
23-04-2025,1288.869385,1294.818013,1274.394414,1285.895071,10480888,0.00681533,1238.776965,0.01661437
24-04-2025,1290.455688,1293.330883,1279.252512,1281.334507,10468940,0.001230772,1241.817375,0.015907033
25-04-2025,1289.265991,1313.853581,1277.071255,1292.339425,14431012,-0.00092192,1243.4896,0.014821834
28-04-2025,1357.080444,1362.830712,1308.896459,1328.52698,31104496,0.052599272,1247.799056,0.017371053
29-04-2025,1387.715698,1398.819876,1358.270039,1359.261477,32538970,0.022574383,1252.835559,0.017707953
30-04-2025,1392.970337,1400.307002,1357.27857,1389.996023,25480745,0.003786538,1257.725,0.017693285
02-05-2025,1407.643677,1414.484502,1397.035218,1401.893288,13007841,0.010533849,1263.405937,0.017605038
05-05-2025,1419.045288,1427.175031,1414.682937,1418.747808,12685649,0.008099785,1269.76602,0.017475494
06-05-2025,1408.734253,1419.73919,1398.522393,1418.747752,14084117,-0.007266178,1275.782402,0.017596711
07-05-2025,1393.961792,1412.204275,1390.689998,1408.734242,13440169,-0.010486336,1281.032064,0.017808831
08-05-2025,1394.953247,1408.63514,1386.030305,1392.078053,16106175,0.00071125,1285.58772,0.017634206
09-05-2025,1365.408325,1382.85773,1362.731491,1373.637309,13668904,-0.021179865,1288.920605,0.018197472
12-05-2025,1424.200562,1426.679156,1388.013078,1388.013078,10674081,0.043058355,1293.362248,0.019395512
13-05-2025,1403.578613,1435.304627,1400.306941,1421.226257,11407896,-0.014479666,1297.666736,0.019446801
14-05-2025,1412.204346,1417.657255,1403.380523,1407.841994,5570160,0.006145529,1302.668542,0.019294509
15-05-2025,1441.749146,1448.887572,1400.604467,1412.799203,20177211,0.020921051,1308.484981,0.019542395
16-05-2025,1443.930298,1448.490888,1434.908236,1440.757624,9036695,0.001512851,1314.476575,0.019507519
19-05-2025,1428.463867,1442.145638,1425.886032,1439.667044,6195791,-0.010711342,1320.6962,0.019274236
20-05-2025,1412.402466,1432.627824,1409.626512,1425.885998,11270560,-0.011243828,1326.428357,0.019469712
21-05-2025,1416.963013,1423.903078,1405.958076,1411.708464,6136364,0.003228929,1332.393502,0.019433206
22-05-2025,1397.332764,1411.609495,1384.939788,1409.03166,12134466,-0.013853748,1339.158419,0.018275899
23-05-2025,1414.583862,1421.523929,1394.556741,1394.556741,6474883,0.012345734,1347.787244,0.016857017
26-05-2025,1422.515259,1428.662126,1412.898238,1419.739184,4842944,0.005606876,1356.135152,0.01680223
27-05-2025,1409.92395,1424.696401,1401.794207,1413.889702,12640414,-0.00885144,1363.959249,0.017025545
28-05-2025,1400.802856,1410.419757,1398.62162,1407.941162,5944611,-0.00646921,1370.368901,0.016648183
29-05-2025,1405.660889,1407.842004,1396.539586,1400.009619,13771917,0.003468034,1376.24152,0.016487088
30-05-2025,1408.734253,1418.351153,1397.630075,1405.859059,13788484,0.002186419,1382.243022,0.016464097
02-06-2025,1401.595825,1405.363338,1383.650822,1400.009549,8098668,-0.005067264,1386.84329,0.015927613
03-06-2025,1393.466064,1414.286262,1391.384069,1410.122271,11252626,-0.00580036,1390.478564,0.015824655
04-06-2025,1411.31189,1413.493005,1394.060846,1402.587187,8126827,0.012806789,1394.850802,0.015882036
05-06-2025,1430.050171,1442.244785,1411.411088,1415.77344,13716817,0.013277208,1399.556828,0.015973833
06-06-2025,1431.140625,1439.072128,1424.696279,1428.66203,8182161,0.000762529,1404.246326,0.015976448
09-06-2025,1436.395386,1445.020848,1432.925353,1444.525129,7885125,0.003671729,1409.150639,0.015953845
10-06-2025,1426.183472,1441.45164,1423.704877,1437.585008,7913181,-0.007109403,1411.454073,0.01311965
11-06-2025,1436.494507,1456.025787,1430.744118,1433.421073,8195700,0.00722981,1413.080033,0.012566826
12-06-2025,1429.256958,1444.525127,1422.118653,1441.055094,8828114,-0.005038341,1414.289587,0.012608084
13-06-2025,1415.674316,1423.209221,1402.190784,1411.807684,9757276,-0.009503289,1414.557275,0.01261271
16-06-2025,1425.489502,1430.050092,1412.20421,1414.682804,8458093,0.006933223,1414.772083,0.012589502
17-06-2025,1418.945923,1435.602129,1413.592255,1435.602129,10366599,-0.004590408,1415.112472,0.012543982
18-06-2025,1417.855469,1430.446804,1413.493117,1417.756349,6681735,-0.000768496,1415.908927,0.012379807
19-06-2025,1421.028076,1427.571543,1413.493051,1417.855402,10007230,0.00223761,1416.778088,0.012383246
20-06-2025,1453.646362,1458.405313,1415.872598,1418.747793,29010635,0.022954005,1419.719356,0.012316782
23-06-2025,1444.326904,1451.26697,1429.653574,1440.559392,5989078,-0.00641109,1420.390234,0.009682551
24-06-2025,1438.378174,1462.370923,1430.744029,1452.456544,16402744,-0.004118687,1421.55022,0.009306831
25-06-2025,1454.737061,1459.79337,1447.995234,1451.465267,7525851,0.011373147,1422.967977,0.009456965
26-06-2025,1482.497192,1485.967225,1452.555694,1456.521446,14657893,0.019082577,1424.326245,0.009328729
27-06-2025,1502.425049,1508.968515,1484.083447,1486.562042,11117052,0.013442087,1426.27607,0.009602824
30-06-2025,1487.751831,1511.744703,1483.19124,1500.838885,8409527,-0.009766356,1428.252336,0.0095633
01-07-2025,1515.313843,1518.288157,1487.256099,1487.751818,10368523,0.018525947,1431.682715,0.009748749
02-07-2025,1505.796143,1516.9002,1495.782522,1515.313924,6361002,-0.006281009,1434.643819,0.00987443
03-07-2025,1504.804565,1518.783816,1500.045615,1507.778879,11283291,-0.000658507,1438.226213,0.009424013
04-07-2025,1514.223389,1516.900223,1504.209768,1510.951595,6603501,0.006259167,1441.54753,0.009269336
07-07-2025,1528.301636,1531.573429,1511.942909,1513.529186,7251074,0.009297338,1445.073743,0.009338789
08-07-2025,1524.435059,1531.672604,1517.098393,1522.848782,7171261,-0.002529983,1448.89078,0.009144626
09-07-2025,1505.994263,1537.720277,1497.170441,1523.542666,8870660,-0.012096806,1452.39716,0.009392431
10-07-2025,1504.209717,1511.645502,1494.592816,1506.688312,10047129,-0.001184962,1455.682121,0.009413586
11-07-2025,1482.398071,1502.028592,1477.540122,1499.054278,7234991,-0.014500402,1458.137581,0.00990113
14-07-2025,1470.99646,1487.156947,1466.43587,1479.423683,10311846,-0.007691329,1460.450936,0.009974728
15-07-2025,1472.682007,1483.686944,1469.707693,1473.475085,8132454,0.001145854,1463.091467,0.009875707
16-07-2025,1472.880249,1478.234038,1458.900998,1460.388155,10409983,0.000134613,1465.143746,0.009661428
17-07-2025,1463.759033,1476.845966,1461.280438,1474.664851,11854613,-0.006192775,1466.267375,0.009493365
18-07-2025,1463.362427,1472.087129,1456.521481,1472.087129,10296318,-0.000270951,1467.341435,0.009495457
21-07-2025,1416.368286,1463.362471,1410.915377,1452.456653,22442744,-0.032113808,1466.673865,0.011212857
22-07-2025,1400.703613,1419.640054,1398.621497,1415.178583,20396320,-0.011059746,1465.824536,0.011316992
23-07-2025,1412.402466,1413.790503,1402.289847,1413.790503,8354596,0.008352126,1465.021468,0.011345378
24-07-2025,1390.888306,1410.816184,1384.04736,1407.048671,14740507,-0.015232316,1463.742513,0.011634912
25-07-2025,1379.78418,1389.004601,1372.249275,1386.922606,11854722,-0.007983478,1462.546175,0.011599149
28-07-2025,1375.71936,1395.746481,1373.141646,1380.379192,7748361,-0.002945982,1460.88717,0.01151222
29-07-2025,1404.966797,1408.040231,1371.158785,1371.158785,10750072,0.02125974,1460.4212,0.012190906
30-07-2025,1398.026733,1411.113788,1389.302151,1405.958238,7209849,-0.004939664,1459.760242,0.012220678
31-07-2025,1378.296997,1390.590852,1370.365493,1376.215002,17065827,-0.01411256,1458.335872,0.01246134
01-08-2025,1381.76709,1393.862706,1372.447669,1375.025384,10321171,0.002517667,1455.939897,0.011641614
04-08-2025,1399.414673,1403.975263,1379.784153,1383.155066,6312820,0.012771749,1454.442822,0.011893664
05-08-2025,1379.78418,1398.918981,1376.215027,1398.918981,9315972,-0.014027646,1452.489689,0.012119175
06-08-2025,1380.874878,1383.948311,1371.456217,1379.98256,5834312,0.000790485,1450.027616,0.011888976
07-08-2025,1377.503906,1381.767017,1354.304234,1375.818389,9976705,-0.002441185,1446.52784,0.011224509
08-08-2025,1356.088867,1385.237046,1353.312793,1373.141551,8793606,-0.015546264,1441.649967,0.011061651
11-08-2025,1374.331299,1376.115936,1349.545349,1358.270052,9997486,0.013452239,1437.869283,0.011404251
12-08-2025,1368.581055,1389.896972,1363.425504,1370.068212,12244664,-0.004184031,1432.97819,0.01068631
13-08-2025,1370.762085,1379.883387,1365.705776,1376.115874,7457021,0.001593643,1428.477055,0.010708111
14-08-2025,1367.477417,1374.345564,1363.794373,1370.961309,7126128,-0.002396235,1423.899483,0.010699306
18-08-2025,1375.340942,1388.480265,1370.662622,1383.602792,11785109,0.005750388,1419.270068,0.010684304
19-08-2025,1413.564209,1414.460091,1382.706881,1383.602763,14384719,0.027791848,1415.445487,0.011892324
20-08-2025,1406.496948,1418.342205,1403.510755,1406.496948,8725641,-0.004999604,1411.514217,0.011900871
21-08-2025,1418.242676,1425.309975,1413.763386,1418.441707,11021323,0.008351051,1408.589164,0.011924446
22-08-2025,1402.714355,1416.849075,1401.420411,1413.464699,5818868,-0.010948987,1405.205986,0.012036126
25-08-2025,1406.098755,1412.967023,1399.230487,1408.189066,5979407,0.00241275,1402.662675,0.011837278
26-08-2025,1378.526245,1403.510702,1375.241384,1401.519907,12145259,-0.019609227,1399.580334,0.012238734
28-08-2025,1379.521729,1385.792661,1360.210988,1383.503319,13161813,0.000722136,1396.474992,0.012235116
29-08-2025,1350.953735,1397.040698,1343.78692,1374.743765,18758842,-0.020708621,1392.410775,0.01268709
01-09-2025,1347.668945,1356.926071,1334.430108,1349.759256,11232238,-0.00243146,1388.541105,0.012670962
02-09-2025,1360.210938,1378.128096,1348.266165,1348.564833,11517006,0.009306434,1385.102722,0.012852911
03-09-2025,1366.282837,1370.164912,1354.238549,1363.396159,7847563,0.00446394,1383.433207,0.011606976
04-09-2025,1353.044067,1367.676364,1350.85412,1365.486538,13223177,-0.009689626,1381.844556,0.011569209
05-09-2025,1368.671875,1374.644261,1353.044179,1356.727102,5777575,0.01155011,1380.386869,0.01167346
08-09-2025,1372.155762,1379.621245,1366.08386,1373.648858,6986720,0.002545451,1379.762451,0.011372472
09-09-2025,1369.866211,1374.843199,1362.400728,1370.264394,9754452,-0.001668579,1379.431852,0.011285173
10-09-2025,1370.662598,1382.109671,1367.77592,1377.530866,7790815,0.000581361,1379.263293,0.011273719
11-09-2025,1376.933716,1379.123542,1368.671866,1369.667264,9766072,0.004575246,1378.328857,0.010575563
12-09-2025,1388.579834,1389.8739,1374.146567,1376.933729,7403368,0.008458009,1378.013961,0.010669221
15-09-2025,1392.859985,1394.353082,1382.209158,1386.588932,5396697,0.003082395,1378.499394,0.010351574
16-09-2025,1398.832397,1401.519923,1391.764977,1398.235062,8686961,0.004287877,1379.068237,0.010369079
17-09-2025,1407.293335,1409.682192,1400.425066,1400.524582,7519417,0.006048571,1379.330859,0.010164472
18-09-2025,1408.487671,1415.455454,1404.207412,1413.862842,9332642,0.000848676,1380.287642,0.009800938
19-09-2025,1400.922729,1410.478523,1397.14017,1408.388212,13461373,-0.005370967,1380.955904,0.009864045
22-09-2025,1384.199951,1404.20742,1381.611942,1397.438789,7757970,-0.011936974,1381.179106,0.010111837
23-09-2025,1383.403809,1388.579828,1370.463638,1384.598237,14014702,-0.000575164,1382.089604,0.009667011
24-09-2025,1376.63501,1389.57518,1374.047,1378.924473,5922759,-0.004892858,1382.166394,0.00941
25-09-2025,1366.083862,1378.12815,1362.699486,1374.942926,11411143,-0.007664448,1382.083154,0.009485769
26-09-2025,1371.259888,1376.336392,1359.713298,1365.685685,9879109,0.003788951,1382.099748,0.00950707
29-09-2025,1366.481934,1382.607327,1361.703976,1375.24136,14231999,-0.003484353,1382.066565,0.009518816
30-09-2025,1357.722412,1370.762097,1356.527984,1370.762097,14604684,-0.006410272,1381.479281,0.009525278
01-10-2025,1362.400757,1372.255218,1356.428371,1360.708629,12045916,0.00344573,1379.773832,0.007948402
03-10-2025,1357.125244,1365.287457,1350.655159,1356.926092,12842347,-0.003872218,1378.128109,0.007932455
06-10-2025,1368.671875,1371.060854,1352.745511,1353.740909,12396580,0.008508154,1376.475749,0.007938999
07-10-2025,1378.426758,1389.475648,1369.567694,1369.66721,11244040,0.007127262,1375.666162,0.00785553
08-10-2025,1361.106812,1382.607377,1358.220134,1378.426755,8525081,-0.01256501,1374.166431,0.008131705
09-10-2025,1371.458984,1373.648811,1362.798952,1367.676425,8826633,0.007605702,1373.930855,0.007482102
10-10-2025,1375.340942,1381.611996,1368.771342,1371.458989,6373084,0.002830532,1373.791496,0.0075004
13-10-2025,1368.671875,1371.3594,1361.50506,1370.563155,7600682,-0.004849028,1374.3821,0.006486189
14-10-2025,1369.567749,1381.612037,1363.794394,1373.648855,9768174,0.000654557,1375.112061,0.006463268
15-10-2025,1367.975098,1377.630407,1366.382364,1376.635009,10882743,-0.001162886,1375.370866,0.006253844
16-10-2025,1391.864624,1394.05445,1368.671809,1368.771325,12315932,0.017463422,1376.223592,0.006968383
17-10-2025,1410.279541,1416.749626,1392.660928,1394.552208,19335561,0.013230394,1378.131441,0.007052531
20-10-2025,1460.049316,1467.0171,1426.703495,1433.372611,24721978,0.035290716,1381.177356,0.00922682
21-10-2025,1458.456665,1467.216213,1453.280646,1461.243827,2066169,-0.00109082,1384.054053,0.009245953
23-10-2025,1441.734009,1476.075228,1437.951449,1468.211562,18707090,-0.011465995,1386.449646,0.009550787
24-10-2025,1444.919312,1453.081646,1434.36812,1443.326699,9700837,0.002209355,1388.92487,0.009548546
27-10-2025,1477.269653,1478.165536,1451.289799,1456.266787,14113867,0.02238903,1392.269401,0.01025462
28-10-2025,1480.056885,1485.133389,1470.799637,1477.269723,17631577,0.001886745,1395.318636,0.010190687
29-10-2025,1497.2771,1501.358327,1481.251222,1483.142502,11884745,0.011634833,1398.799207,0.01033544
30-10-2025,1481.649414,1496.182196,1477.170125,1493.096487,9318663,-0.010437404,1401.559774,0.010592288
31-10-2025,1479.559204,1490.608095,1475.478098,1483.540795,8758053,-0.001410732,1403.968636,0.010580858
03-11-2025,1477.866943,1488.119588,1472.491893,1479.161009,8452085,-0.00114376,1406.281278,0.010592789
04-11-2025,1466.320313,1485.92972,1463.334119,1477.070656,10007806,-0.007813038,1408.461198,0.010657849
06-11-2025,1489.214478,1494.689165,1469.406039,1477.17019,16772678,0.015613345,1411.961682,0.010640244
07-11-2025,1471.197754,1491.503891,1469.107443,1487.721331,7821765,-0.012098139,1414.888147,0.010958117
10-11-2025,1482.445801,1494.091905,1468.709264,1471.098243,7068438,0.007645503,1418.415173,0.010920838
11-11-2025,1486.526978,1491.90215,1473.387655,1490.110385,7127506,0.002753002,1422.429944,0.010749839
12-11-2025,1504.543579,1517.68278,1493.096506,1498.073494,12384459,0.012119929,1426.872734,0.010881048
13-11-2025,1503.946411,1515.094817,1499.865305,1508.027517,7196443,-0.00039691,1431.454883,0.010830585
14-11-2025,1511.909546,1513.900341,1498.571193,1498.571193,7682823,0.005294826,1436.594454,0.010680129
17-11-2025,1511.312378,1516.687428,1504.543625,1513.900388,5871416,-0.000394976,1441.558175,0.010705608
18-11-2025,1512.407227,1520.768591,1503.548163,1514.696568,11045042,0.000724436,1446.734241,0.010628801
19-11-2025,1511.909546,1515.293922,1505.041278,1510.416449,5692366,-0.000329065,1451.50883,0.010612588
20-11-2025,1541.970581,1543.762346,1519.673648,1522.958509,18171724,0.019882826,1456.960291,0.011015871
21-11-2025,1539.482056,1550.630583,1533.011971,1533.907853,9615271,-0.00161386,1462.906132,0.010629464
24-11-2025,1528.831299,1542.866382,1524.750193,1542.866382,18433951,-0.006918403,1468.151876,0.010796905
25-11-2025,1532.61377,1552.422208,1518.080988,1528.831331,15033482,0.002474093,1473.394303,0.010798072
26-11-2025,1562.674805,1564.366932,1533.410089,1535.201854,14054299,0.019614228,1479.861068,0.011053132
27-11-2025,1556.204712,1568.248999,1548.838745,1567.7513,9794643,-0.004140396,1486.0823,0.011144748
28-11-2025,1560.285889,1574.022425,1555.806599,1560.783588,8959508,0.002622519,1492.49266,0.011101794
01-12-2025,1558.892334,1570.239892,1556.40384,1567.751398,8920233,-0.000893141,1498.06025,0.010863305
02-12-2025,1539.183472,1560.285854,1534.903213,1553.915284,11389150,-0.012642863,1502.357048,0.011116296
03-12-2025,1531.718018,1545.255402,1525.944662,1538.088466,6090883,-0.004850269,1504.746004,0.009371855
04-12-2025,1528.532715,1553.318142,1510.615556,1528.930898,11867930,-0.002079562,1507.081873,0.009383524
05-12-2025,1533.509644,1538.685784,1513.60169,1523.356636,10183266,0.003256017,1510.14106,0.009055444
08-12-2025,1535.898682,1543.861863,1527.9355,1532.116122,11301491,0.001557889,1513.173706,0.00905595
09-12-2025,1522.361206,1535.400891,1513.103959,1533.211065,11503971,-0.008814042,1514.676758,0.008411552
10-12-2025,1529.826782,1540.377974,1524.352095,1526.940105,7991629,0.004903945,1516.335754,0.008440054
11-12-2025,1537.889404,1542.866393,1516.986053,1529.826707,4706197,0.005270284,1517.689498,0.00824482
12-12-2025,1549.336548,1552.621409,1538.984387,1543.662829,5106655,0.007443411,1519.945736,0.008038818
15-12-2025,1549.037842,1551.426821,1539.382533,1544.060853,5774543,-0.000192796,1522.26169,0.008026567
16-12-2025,1535.201904,1544.558545,1531.718012,1537.889429,11731856,-0.008931956,1524.172856,0.008240198
17-12-2025,1537.292236,1542.866439,1532.215732,1542.866439,7116649,0.001361601,1526.538586,0.008058481
18-12-2025,1537.292236,1544.359536,1528.134505,1528.134505,6580829,0,1528.141178,0.007614746
19-12-2025,1557.896851,1566.954945,1543.861768,1547.246144,13937275,0.013403186,1531.031148,0.007514764
22-12-2025,1568.149536,1570.239847,1558.096044,1566.258256,10184852,0.006581107,1533.887939,0.007489356
23-12-2025,1563.471069,1573.624198,1560.88306,1573.624198,7506564,-0.002983432,1536.452743,0.007539943
24-12-2025,1551.028687,1568.448147,1546.449881,1565.461954,8815745,-0.007958179,1538.002246,0.007474967
26-12-2025,1552.024048,1553.815812,1547.146696,1547.544758,2311495,0.000641743,1539.604834,0.007470478
29-12-2025,1538.486694,1550.929166,1536.495899,1547.743942,5972105,-0.008722386,1540.490739,0.007634094
30-12-2025,1532.713379,1546.449794,1530.722584,1539.880194,8815884,-0.003752594,1541.204106,0.007673831
31-12-2025,1563.172607,1569.742208,1533.90789,1533.90789,5771830,0.019872749,1542.896285,0.00845043
01-01-2026,1568.348511,1585.170755,1563.869221,1566.457231,6408128,0.003311153,1544.777584,0.00845481
02-01-2026,1584.971802,1587.261144,1570.936597,1572.728361,6602230,0.010599233,1546.210958,0.007901351
05-01-2026,1570.837036,1604.38201,1568.049996,1585.668486,8704973,-0.008917992,1547.256124,0.008093197
06-01-2026,1500.661499,1561.77894,1489.413578,1561.77894,27417125,-0.044673977,1546.317131,0.011526621
07-01-2026,1497.2771,1513.004431,1491.105683,1503.050455,11199340,-0.002255272,1545.139242,0.011516105
08-01-2026,1463.831787,1496.978578,1462.040144,1493.096503,16518684,-0.022337423,1541.844474,0.011509832
09-01-2026,1468.510254,1473.089059,1458.257609,1458.257609,8335311,0.003196041,1538.921326,0.011543111
12-01-2026,1476.373779,1478.464212,1444.322023,1468.510235,8883745,0.005354764,1536.124255,0.01159043
13-01-2026,1446.11377,1478.961892,1438.050951,1478.165526,13499760,-0.020496171,1532.36497,0.012081184
14-01-2026,1452.086182,1460.248394,1433.571688,1437.354247,8321764,0.004129974,1529.461727,0.011979867
15-01-2026,1452.086182,1452.086182,1452.086182,1452.086182,0,0,1526.807332,0.011970977
16-01-2026,1451.190308,1473.188572,1448.403145,1452.08619,17167161,-0.000616957,1524.229252,0.011972389
19-01-2026,1407.094116,1443.92383,1396.841593,1443.92383,20392765,-0.030386222,1520.015401,0.013025404
20-01-2026,1387.584351,1409.483099,1383.60276,1404.207443,13189498,-0.013865288,1515.07159,0.013152026
21-01-2026,1398.13562,1406.39747,1366.681076,1383.105139,17352720,0.007604056,1510.930737,0.013255613
22-01-2026,1396.045288,1412.967049,1388.579805,1403.610286,15721693,-0.001495085,1506.471354,0.013179515
23-01-2026,1379.720703,1400.524539,1374.644199,1395.34852,9837802,-0.011693449,1501.199064,0.013178108
27-01-2026,1374.146484,1385.195374,1361.704013,1373.648786,26302396,-0.004040107,1495.359395,0.013014255
28-01-2026,1390.271851,1403.411172,1378.526231,1378.625747,11121657,0.011734823,1490.067196,0.013310517
29-01-2026,1384.598145,1396.443401,1377.630361,1396.443401,20846683,-0.004081005,1485.04707,0.013271803
30-01-2026,1388.977905,1391.565915,1372.155661,1376.236767,11239835,0.0031632,1480.103259,0.013297905
02-02-2026,1384.000977,1386.489471,1329.353619,1333.832909,15711165,-0.003583159,1474.993551,0.013283425
03-02-2026,1430.485962,1482.644824,1423.617694,1467.116645,25456171,0.033587393,1470.746521,0.014609316
04-02-2026,1450.095459,1457.262274,1433.671396,1437.354319,8333387,0.013708276,1466.811385,0.014822449
05-02-2026,1436.75708,1454.773754,1432.875005,1450.294465,11763658,-0.009198276,1462.587585,0.014872804
06-02-2026,1444.123047,1446.113842,1426.902618,1434.8658,8277304,0.0051268,1459.024064,0.014905288
09-02-2026,1454.873291,1459.15355,1446.312895,1451.289884,5775864,0.007444133,1455.785706,0.015002526
10-02-2026,1451.787476,1464.229946,1445.516422,1464.229946,10259630,-0.00212102,1452.895732,0.014949494
11-02-2026,1461.940552,1463.234617,1446.910071,1452.882457,7106877,0.0069935,1450.536637,0.015030183
12-02-2026,1442.231689,1466.220749,1438.847313,1463.234556,11135399,-0.013481302,1446.505273,0.014625588
13-02-2026,1413.066528,1444.023372,1409.781789,1438.847353,10755693,-0.020222244,1441.329207,0.014926929
16-02-2026,1430.485962,1432.974456,1402.81398,1413.564202,5896514,0.012327398,1436.179679,0.014985879
17-02-2026,1416.450928,1425.210476,1412.071154,1424.513625,10731630,-0.009811375,1431.033476,0.014998304
18-02-2026,1434.666748,1435.462993,1412.668362,1420.432512,5521096,0.012860185,1428.833651,0.013086345
19-02-2026,1403.013062,1436.358885,1393.556783,1436.358885,11884664,-0.022063442,1425.691516,0.013619064
20-02-2026,1412.867554,1420.830736,1399.628715,1403.013092,8177670,0.007023806,1423.992708,0.013160021
23-02-2026,1421.427856,1428.296125,1411.772548,1418.441663,7758856,0.006058815,1422.423295,0.013202532
24-02-2026,1422.224243,1426.703533,1408.487707,1418.740351,12529409,0.000560272,1420.618311,0.013151861
25-02-2026,1392.063721,1433.870425,1387.086732,1428.395738,10728792,-0.021206587,1418.816642,0.013188464
26-02-2026,1400.325562,1406.397463,1385.494111,1392.063712,16683858,0.005934959,1417.091288,0.013217631
27-02-2026,1387.484863,1403.908925,1381.711508,1391.56597,12031440,-0.009169795,1414.937911,0.013296518
02-03-2026,1351.75,1372.255167,1335.325939,1369.169459,23728722,-0.025755137,1411.623234,0.014016122
04-03-2026,1338.809937,1346.574087,1300.984823,1323.878971,32495007,-0.009572823,1409.347095,0.013058744
05-03-2026,1383.005615,1392.561409,1346.872629,1346.872629,25957532,0.033011167,1409.19447,0.014284358
06-03-2026,1398.334717,1417.744972,1383.90145,1390.072867,19311971,0.011083904,1409.201107,0.014362251
09-03-2026,1417.446289,1422.821461,1363.694815,1368.671803,24870822,0.01366738,1409.914473,0.014569328
10-03-2026,1402.316284,1424.911763,1394.15395,1424.01588,18071259,-0.010674129,1410.66766,0.014540808
11-03-2026,1383.801758,1427.400223,1377.232158,1418.342129,21848087,-0.013202818,1410.989502,0.014737477
12-03-2026,1385.792603,1404.406612,1374.743713,1383.602776,20939959,0.001438678,1410.840194,0.014581987
13-03-2026,1374.345581,1394.353172,1372.056239,1378.824871,17265090,-0.00826027,1410.498442,0.014642108
16-03-2026,1388.679321,1390.869269,1357.224778,1373.64884,22837802,0.010429502,1410.488489,0.014758348
17-03-2026,1391.167725,1399.429574,1381.810962,1392.561306,19007744,0.001791921,1410.72738,0.01474474
18-03-2026,1401.619507,1406.397465,1390.769647,1390.769647,9559327,0.007512956,1409.765165,0.013422737
19-03-2026,1378.426758,1409.184449,1369.766725,1381.611982,16498373,-0.016547108,1407.376208,0.013447816
20-03-2026,1407.890503,1423.418682,1389.674677,1391.565957,22994918,0.021374908,1406.413989,0.013999344
23-03-2026,1401.320923,1409.084952,1384.598193,1393.556772,18979554,-0.004666258,1404.987252,0.013975803
24-03-2026,1405.30249,1415.853681,1400.126349,1413.464703,18620893,0.002841296,1403.334892,0.013906042
25-03-2026,1406.596436,1423.916379,1401.918115,1413.464704,19041331,0.000920759,1401.828524,0.013909138
27-03-2026,1341.89563,1398.235116,1338.809921,1394.552193,23266517,-0.04599813,1397.827026,0.016062405
30-03-2026,1337.714966,1358.717833,1327.96002,1328.855902,24393861,-0.003115491,1394.343136,0.015934053
01-04-2026,1362.898438,1378.028555,1356.627505,1377.829403,14404619,0.018825738,1392.670866,0.016021012
02-04-2026,1344.284546,1351.949059,1321.888098,1350.754631,21280051,-0.013657578,1389.797485,0.015973553
06-04-2026,1298.695313,1352.745455,1284.063015,1352.745455,29274881,-0.033913381,1385.872298,0.016958558
07-04-2026,1298.595825,1302.27887,1285.058441,1289.040032,28388922,-7.66E-05,1381.336601,0.016710627
08-04-2026,1341.597046,1344.384087,1320.096359,1342.791475,21817543,0.033113629,1379.2894,0.017574746
09-04-2026,1323.878906,1343.78686,1320.195983,1339.805269,20725390,-0.013206752,1376.323112,0.01763076
10-04-2026,1343.985962,1346.076394,1325.372073,1330.846761,19364461,0.015187987,1373.741715,0.017852316
13-04-2026,1309.047485,1321.489957,1303.970981,1315.119387,28753269,-0.025996162,1369.969157,0.018386236
15-04-2026,1337.914063,1340.80074,1328.059601,1330.846763,15313779,0.022051589,1368.164168,0.018571709
16-04-2026,1337.117798,1347.569474,1323.87896,1345.777709,30211012,-0.000595154,1366.057243,0.018523961
17-04-2026,1358.717896,1362.102272,1333.832952,1333.832952,13869105,0.016154222,1365.098344,0.018732193
20-04-2026,1357.025757,1366.681066,1346.574081,1356.92612,13614733,-0.001245394,1365.274202,0.018118409
21-04-2026,1347.071777,1363.49584,1343.886432,1352.745496,27293629,-0.007335144,1365.549597,0.018080977
22-04-2026,1355.831177,1359.713252,1342.891007,1344.085557,9525953,0.006502548,1364.643783,0.017048756
23-04-2026,1337.217285,1349.261573,1334.529638,1339.805295,16385079,-0.013728768,1362.606535,0.017068273
24-04-2026,1321.689087,1339.705761,1318.901925,1333.83289,11744802,-0.011612322,1359.414628,0.016924887
27-04-2026,1359.51416,1365.287394,1304.96632,1306.957116,24673098,0.028618738,1357.987891,0.0177461
28-04-2026,1382.507813,1388.778745,1350.754603,1351.750001,41027699,0.016913139,1357.944759,0.017876294
29-04-2026,1418.839844,1427.201208,1384.896808,1385.593538,30542143,0.026279802,1359.046334,0.018503605
30-04-2026,1424.215088,1430.386505,1386.688521,1402.515369,30957881,0.003788478,1360.708651,0.018427355
01-05-2026,1424.215088,1424.215088,1424.215088,1424.215088,0,0,1361.893176,0.018348441
04-05-2026,1456.366333,1460.646592,1426.80307,1426.80307,24035700,0.022574712,1364.066463,0.018766701
05-05-2026,1456.864014,1466.618959,1443.32663,1453.280606,23543341,0.000341728,1365.907947,0.018735736
06-05-2026,1431.282349,1466.519451,1420.930188,1456.266806,14221786,-0.017559405,1367.6698,0.018770165
07-05-2026,1429.590088,1442.828926,1423.717339,1432.178219,19816903,-0.001182339,1368.393119,0.018391473
08-05-2026,1428.594727,1436.159846,1410.976236,1419.437116,8663105,-0.000696256,1369.302246,0.018365986
11-05-2026,1381.811035,1421.427912,1375.639618,1413.464731,15261787,-0.03274805,1368.519198,0.019352914
12-05-2026,1357.722412,1387.086643,1354.039489,1385.593547,24357500,-0.017432646,1366.890063,0.019598912
13-05-2026,1352.546387,1366.083771,1346.175817,1355.134396,13797989,-0.003812285,1367.245089,0.017677619
14-05-2026,1355.532593,1371.657986,1352.148216,1358.916848,17303059,0.00220784,1367.83901,0.017667677
15-05-2026,1330.249512,1358.518831,1323.082575,1350.555649,19976192,-0.018651769,1366.750712,0.01765893
18-05-2026,1329.751831,1335.823733,1312.630917,1327.860551,13022473,-0.000374126,1366.266288,0.017487419
19-05-2026,1316.612427,1337.814445,1312.33229,1332.538789,21665501,-0.009881095,1366.863525,0.016407586
20-05-2026,1353.442139,1356.627484,1306.558934,1312.630835,13248515,0.027973085,1368.691736,0.017150859
21-05-2026,1343.388672,1364.590691,1339.008898,1360.907647,17150630,-0.007428073,1368.751457,0.016143392
22-05-2026,1348.266113,1361.106767,1342.890942,1343.786824,7105813,0.0036307,1369.564364,0.01595386
25-05-2026,1360.708618,1364.789724,1350.754641,1360.509587,6750071,0.009228523,1370.121785,0.015804048
26-05-2026,1350.057983,1362.201787,1346.175908,1353.840422,13769747,-0.007827271,1371.488802,0.015084096
27-05-2026,1344.284546,1354.736221,1342.393266,1346.77304,13215138,-0.004276437,1371.701152,0.01458297
28-05-2026,1344.284546,1344.284546,1344.284546,1344.284546,0,0,1371.940043,0.01458217
29-05-2026,1315.119385,1362.699443,1310.938763,1357.722455,42634247,-0.021695675,1370.486759,0.014797241
01-06-2026,1313.924927,1329.353591,1312.43183,1326.367398,10700603,-0.000908251,1369.050065,0.014797162
02-06-2026,1308.549805,1321.689127,1294.31569,1301.681536,23302785,-0.00409089,1367.765999,0.014760847
03-06-2026,1307.15625,1317.906594,1295.012446,1308.948015,20012293,-0.001064961,1366.143502,0.014695177
04-06-2026,1297.699951,1305.165434,1287.14876,1295.012426,23474327,-0.007234253,1364.826257,0.01455005
05-06-2026,1291,1306,1288,1304.5,17785223,-0.005162943,1363.803288,0.014433453
08-06-2026,1263.300049,1282.599976,1259.199951,1277,16494759,-0.021456198,1360.596151,0.013810079
09-06-2026,1269.199951,1274.199951,1257.5,1269,23620214,0.00467023,1356.819222,0.013395846
10-06-2026,1258.800049,1300.5,1254.400024,1275,21012796,-0.008194061,1351.484562,0.012248356
11-06-2026,1263,1276,1253.199951,1258,13117486,0.003336472,1346.110726,0.012238835
12-06-2026,1293,1297,1262.5,1277,11988785,0.023752969,1341.73689,0.013229647
15-06-2026,1307,1325,1303.300049,1315.300049,18633321,0.010827533,1336.758012,0.012601473
16-06-2026,1328.800049,1333.400024,1306.400024,1313.400024,18513223,0.016679456,1332.489213,0.013116772
17-06-2026,1332.699951,1334,1317,1333,10029170,0.002934905,1329.203133,0.012862439
18-06-2026,1328.099976,1333.900024,1322,1330,15494549,-0.003451621,1325.820129,0.012862337
19-06-2026,1309.5,1338.199951,1305.300049,1328,24887034,-0.014004951,1321.850305,0.013030969
22-06-2026,1326.5,1344.900024,1314.099976,1316.699951,12931213,0.012982054,1320.006604,0.012046235
23-06-2026,1309.5,1333,1304,1328.900024,15400184,-0.01281568,1318.39919,0.011860968
24-06-2026,1313.599976,1322,1297.5,1305.699951,11030917,0.003130947,1317.100977,0.011874697
25-06-2026,1318.099976,1328,1314.599976,1318,12694362,0.0034257,1315.853223,0.011887781
26-06-2026,1318.099976,1318.099976,1318.099976,1318.099976,0,0,1315.448238,0.011403324
29-06-2026,1301,1313.699951,1292.599976,1308,13757656,-0.012973201,1314.489844,0.011637906
30-06-2026,1293.900024,1306.900024,1290,1306.900024,15695263,-0.005457322,1313.732764,0.011544734
